"DESCRIPTION","DURATION IN MS","NAME","PARENT SUITE","START TIME","STATUS","STOP TIME","SUB SUITE","SUITE","TEST CLASS","TEST METHOD"
"","5446","Combien de fenÃªtres","","Fri Feb 07 20:29:25 CET 2025","passed","Fri Feb 07 20:29:30 CET 2025","Prestashop","Web3","",""
"","3","recherche MUG","","Fri Feb 07 20:29:44 CET 2025","failed","Fri Feb 07 20:29:44 CET 2025","RechercheMultiple","Web3","",""
"","8297","test checkbox","","Fri Feb 07 20:29:36 CET 2025","failed","Fri Feb 07 20:29:44 CET 2025","Prestashop","Web3","",""
"","5232","Test de la librairie","","Fri Feb 07 20:29:30 CET 2025","passed","Fri Feb 07 20:29:36 CET 2025","Prestashop","Web3","",""
"","8558","Test alerte","","Fri Feb 07 20:29:16 CET 2025","passed","Fri Feb 07 20:29:25 CET 2025","Prestashop","Web3","",""
"","9096","T_T-SHIRT","","Fri Feb 07 20:28:08 CET 2025","failed","Fri Feb 07 20:28:17 CET 2025","PlusieursRecherche","Web3","",""
"","8695","Recherche T-Shirt","","Fri Feb 07 20:28:26 CET 2025","passed","Fri Feb 07 20:28:34 CET 2025","Prestashop","Web3","",""
"","9926","Menu Femmes","","Fri Feb 07 20:29:06 CET 2025","passed","Fri Feb 07 20:29:16 CET 2025","Prestashop","Web3","",""
"","8872","Recherche MUG","","Fri Feb 07 20:28:17 CET 2025","passed","Fri Feb 07 20:28:26 CET 2025","Prestashop","Web3","",""
"","3","recherche T-Shirt","","Fri Feb 07 20:29:44 CET 2025","failed","Fri Feb 07 20:29:44 CET 2025","RechercheMultiple","Web3","",""
"","3","recherche MUG2","","Fri Feb 07 20:29:44 CET 2025","failed","Fri Feb 07 20:29:44 CET 2025","RechercheMultiple","Web3","",""
"","13712","T_MUG","","Fri Feb 07 20:27:54 CET 2025","failed","Fri Feb 07 20:28:08 CET 2025","PlusieursRecherche","Web3","",""
"","22902","Recherches diverses","","Fri Feb 07 20:28:34 CET 2025","passed","Fri Feb 07 20:28:57 CET 2025","Prestashop","Web3","",""
"","9052","Recherche vide","","Fri Feb 07 20:28:57 CET 2025","passed","Fri Feb 07 20:29:06 CET 2025","Prestashop","Web3","",""
